-- CUSTOMERS
    -- `customerID` int(11) NOT NULL,
    -- `customerName` varchar(50) NOT NULL,
    -- `customerDOB` date NOT NULL,
    -- `customerPhone` bigint(20) NOT NULL,
    -- `customerAddress` varchar(50) NOT NULL,
    -- `customerEmail` varchar(20) NOT NULL,
    -- `customerStartDate` date NOT NULL,
    -- `customerRate` enum('Member','Silver','Gold') NOT NULL,
    -- `customerPoint` int(11) NOT NULL

INSERT INTO customers VALUES (101, 'Vũ Anh Khoa', '1998-07-30', '0983666421', 'Tân Nguyên, Bình Dương', 'khoava3007@gmail.com', '2022-12-25', 'Silver', 170);
INSERT INTO customers VALUES (102, 'Vũ Ngọc Oanh', '1999-06-03', '0938888777', 'Quận 5, TPHCM', 'oanhvn0306@gmail.com', '2022-12-25', 'Member', 61);
INSERT INTO customers VALUES (103, 'Dương Ngọc Hà', '2000-09-25', '0597473612', 'Thủ Đức, TPHCM', 'hadn2509@gmail.com', '2022-12-25', 'Member', 18);
INSERT INTO customers VALUES (104, 'Hồ Hồng Liên', '2003-10-18', '0929478051', 'Quận Bình Thạnh, TPHCM', 'lienhh1810@gmail.com', '2022-12-25', 'Gold', 306);
INSERT INTO customers VALUES (105, 'Lý Quang Vũ', '1986-12-08', '0936552156', 'Quận 4, TPHCM', 'vulq0812@gmail.com', '2022-12-25', 'Gold', 380);
INSERT INTO customers VALUES (106, 'Nguyễn Cao Phong', '1985-03-20', '0784562333', 'Quận 4, TPHCM', 'phongnc2003@gmail.com', '2022-12-25', 'Silver', 194);
INSERT INTO customers VALUES (107, 'Ngô Hà Thanh', '1989-11-06', '0798695531', 'Dĩ An, Bình Dương', 'thanhnh0611@gmail.com', '2022-12-26', 'Member', 63);
INSERT INTO customers VALUES (108, 'Đinh Hồng Ngọc', '1999-12-11', '0965128894', 'Quận 1, TPHCM', 'ngocdh1112@gmail.com', '2022-12-26', 'Silver', 177);
INSERT INTO customers VALUES (109, 'Phạm Gia Lập', '2000-12-30', '0165842337', 'Biên Hòa, Đồng Nai', 'lappg3012@gmail.com', '2022-12-26', 'Silver', 153);
INSERT INTO customers VALUES (110, 'Ngô Khắc Duy', '2000-01-05', '0263975846', 'Quận 5, TPHCM', 'duynk0501@gmail.com', '2022-12-26', 'Member', 7);
INSERT INTO customers VALUES (111, 'Lương Hữu Nam', '2001-08-26', '0797232455', 'Thủ Đức, TPHCM', 'namlh2608@gmail.com', '2022-12-27', 'Gold', 546);
INSERT INTO customers VALUES (112, 'Nguyễn Khánh Ly', '1992-06-06', '0903651888', 'Quận 7, TPHCM', 'lynk0606@gmail.com', '2022-12-27', 'Member', 21);
INSERT INTO customers VALUES (113, 'Bùi Thảo Vy', '1991-09-30', '0937265598', 'Quận 10, TPHCM', 'vybt3009@gmail.com', '2022-12-27', 'Silver', 188);
INSERT INTO customers VALUES (114, 'Trang Minh Hà', '2004-12-12', '0797797797', 'Quận 11, TPHCM', 'hatm1212@gmail.com', '2022-12-27', 'Silver', 170);
INSERT INTO customers VALUES (115, 'Huỳnh Chí Công', '1997-01-20', '0365111541', 'Biên Hòa, Đồng Nai', 'conghc2001@gmail.com', '2022-12-27', 'Silver', 172);
INSERT INTO customers VALUES (116, 'Lục Thái Đức', '2003-05-23', '0975684235', 'Thủ Đức, TPHCM', 'duclt2305@gmail.com', '2022-12-27', 'Silver', 158);
INSERT INTO customers VALUES (117, 'Đặng Minh Anh', '1994-04-12', '0325614298', 'Quận 4, TPHCM', 'anhdm1204@gmail.com', '2022-12-27', 'Gold', 497);
INSERT INTO customers VALUES (118, 'Nguyễn Huy Thông', '1993-10-26', '0236956659', 'Quận 11, TPHCM', 'thongnh2610@gmail.com', '2022-12-27', 'Silver', 180);
INSERT INTO customers VALUES (119, 'Phạm Ngọc Trường', '1994-01-29', '0935621152', 'Quận 8, TPHCM', 'truongpn2901@gmail.com', '2022-12-27', 'Silver', 193);
INSERT INTO customers VALUES (120, 'Hồ Kim Ngân', '2002-01-18', '0978145235', 'Vĩnh Cửu, Đồng Nai', 'nganhk1801@gmail.com', '2022-12-28', 'Member', 15);
INSERT INTO customers VALUES (121, 'Phạm Thị Quỳnh Anh', '1987-09-14', '0938177977', 'Quận 1, TPHCM', 'anhptq1409@gmail.com', '2022-12-28', 'Silver', 151);
INSERT INTO customers VALUES (122, 'Trần Kiều Thu', '1997-02-11', '0934136582', 'Quận 1, TPHCM', 'thutk1102@gmail.com', '2022-12-28', 'Silver', 150);
INSERT INTO customers VALUES (123, 'Bùi Thùy Linh', '2005-03-28', '0968142103', 'Quận 11, TPHCM', 'linhbt2803@gmail.com', '2022-12-28', 'Silver', 203);
INSERT INTO customers VALUES (124, 'Hoàng Vân Anh', '1984-12-22', '0751328039', 'Quận 5, TPHCM', 'anhhv2212@gmail.com', '2022-12-28', 'Member', 97);
INSERT INTO customers VALUES (125, 'Đỗ Trúc Lam', '1992-08-22', '0888931523', 'Quận 1, TPHCM', 'lamdt2208@gmail.com', '2022-12-28', 'Member', 82);
INSERT INTO customers VALUES (126, 'Lê Ngọc Hà', '1995-10-07', '0895124480', 'Quận 5, TPHCM', 'haln0710@gmail.com', '2022-12-28', 'Member', 63);
INSERT INTO customers VALUES (127, 'Phùng Phượng Loan', '1986-05-30', '0895361254', 'Quận 1, TPHCM', 'loanpp3005@gmail.com', '2022-12-28', 'Silver', 264);
INSERT INTO customers VALUES (128, 'Lê Ánh Dương', '2000-07-22', '0123654888', 'Quận 10, TPHCM', 'duongla2207@gmail.com', '2022-12-29', 'Member', 7);
INSERT INTO customers VALUES (129, 'Ngô Phương Duy', '1995-06-07', '0938122000', 'Quận 1, TPHCM', 'duynp0706@gmail.com', '2022-12-29', 'Silver', 241);
INSERT INTO customers VALUES (130, 'Nguyễn Hữu Hoàng', '1998-02-01', '0123456789', 'Quận Bình Thạnh, TPHCM', 'hoangnh0102@gmail.com', '2022-12-29', 'Gold', 612);
INSERT INTO customers VALUES (131, 'Mai Kim Liên', '1982-05-13', '0123654987', 'Quận 5, TPHCM', 'lienmk1305@gmail.com', '2022-12-29', 'Member', 89);
INSERT INTO customers VALUES (132, 'Đoàn Quốc Tân', '1990-04-27', '0123678459', 'Quận 8, TPHCM', 'tandq2704@gmail.com', '2022-12-30', 'Member', 104);
INSERT INTO customers VALUES (133, 'Trần Ngọc Hân', '1995-11-27', '0532146973', 'Quận 10, TPHCM', 'hantn2711@gmail.com', '2022-12-30', 'Silver', 266);
INSERT INTO customers VALUES (134, 'Châu Ngọc Linh', '1984-05-03', '0862143579', 'Quận 11, TPHCM', 'linhcn0305@gmail.com', '2022-12-30', 'Member', 8);
INSERT INTO customers VALUES (135, 'Cao Thành Nhân', '1987-02-21', '0361248957', 'Quận 10, TPHCM', 'nhanct2102@gmail.com', '2022-12-31', 'Member', 132);

-- EMPLOYEES
    -- `employeeID` int(11) NOT NULL,
    -- `employeeName` varchar(30) NOT NULL,
    -- `employeePhone` bigint(20) NOT NULL,
    -- `employeeAddress` varchar(50) NOT NULL,
    -- `employeeCID` bigint(20) NOT NULL,
    -- `employeeHometown` varchar(100) NOT NULL,
    -- `employeeType` enum('parttime','fulltime') NOT NULL,
    -- `employeePosition` enum('manager','accountant','waiter','waitress','barista','chef') NOT NULL,
    -- `employeeTaxID` bigint(20) NOT NULL,
    -- `employeeContractID` int(11) NOT NULL,
    -- `employeeEmail` varchar(50) NOT NULL DEFAULT ''

INSERT INTO employees VALUES(1001, 'Trần Ngân Anh', 0978444231, 'Quận 8, TPHCM', 272944111, 'Đà Nẵng', 'parttime', 'waitress', NULL, NULL, 'anhtn123@gmail.com');
INSERT INTO employees VALUES(1002, 'Nguyễn Đăng Quang', 0165224873, 'Thủ Đức, TPHCM', 272152342, 'Hà Nội', 'fulltime', 'barista', 8321019787, 10, 'quangnd123@gmail.com');
INSERT INTO employees VALUES(1003, 'Trịnh Ngọc Minh', 0938452110, 'Quận 10, TPHCM', 278544122, 'Long An', 'parttime', 'waiter', NULL, NULL, 'minhtn123@gmail.com');
INSERT INTO employees VALUES(1004, 'Hồ Trường Thanh', 0937456223, 'Quận 10, TPHCM', 271641522, 'Nghệ An', 'parttime', 'waiter', NULL, NULL, 'thanhht123@gmail.com');
INSERT INTO employees VALUES(1005, 'Đàm Hiếu Hạnh', 0985423112, 'Quận Bình Thạnh, TPHCM', 272666444, 'Quảng Bình', 'parttime', 'waiter', NULL, NULL, 'hanhdh123@gmail.com');
INSERT INTO employees VALUES(1006, 'Dương Thảo My', 0354621000, 'Quận 7, TPHCM', 272894555, 'Điện Biên', 'parttime', 'waitress', NULL, NULL, 'mydt123@gmail.com');
INSERT INTO employees VALUES(1007, 'Bạch An Hạ', 0895633177, 'Quận 7, TPHCM', 272315264, 'Đồng Tháp', 'fulltime', 'manager', 8463543138, 11, 'haba123@gmail.com');
INSERT INTO employees VALUES(1008, 'Ngô Phương Uyên', 0124551239, 'Quận 1, TPHCM', 272874410, 'Đà Nẵng', 'fulltime', 'chef', 8469912456, 12, 'uyennp123@gmail.com');
INSERT INTO employees VALUES(1009, 'Lê Thu Tiên', 0797232566, 'Quận 11, TPHCM', 272999100, 'Gia Lai', 'parttime', 'waitress', NULL, NULL, 'tienlt123@gmail.com');
INSERT INTO employees VALUES(1010, 'Giang Ngọc Thảo', 0791235865, 'Quận 5, TPHCM', 272102333, 'Vũng Tàu', 'parttime', 'waitress', NULL, NULL, 'thaogn123@gmail.com');
INSERT INTO employees VALUES(1011, 'Nguyễn Minh Minh', 0125746352, 'Quận 5, TPHCM', 2272111643, 'Phan Thiết', 'parttime', 'waiter', NULL, NULL, 'minhnm123@gmail.com');
INSERT INTO employees VALUES(1012, 'Tạ Mỹ Loan', 0365785416, 'Thủ Đức, TPHCM', 272419999, 'Tây Nguyên', 'fulltime', 'accountant', 8382964120, 13, 'loantm123@gmail.com');
INSERT INTO employees VALUES(1013, 'Kiều Tùng Lâm', 0241536987, 'Quận 8, TPHCM', 273542006, 'Quảng Ngãi', 'fulltime', 'barista', 8836125875, 14, 'lamkt123@gmail.com');

-- CATEGORY
    -- `categoryID` int(11) NOT NULL,
    -- `categoryName` varchar(20) NOT NULL

INSERT INTO category VALUES(1, 'Cà phê');
INSERT INTO category VALUES(2, 'Trà sữa');
INSERT INTO category VALUES(3, 'Trà');
INSERT INTO category VALUES(4, 'Sữa tươi');
INSERT INTO category VALUES(5, 'Freeze');
INSERT INTO category VALUES(6, 'Topping');
INSERT INTO category VALUES(7, 'Ăn vặt');

-- FOOD_ITEM
    -- `itemID` int(11) NOT NULL,
    -- `itemName` varchar(40) NOT NULL,
    -- `itemPrice` int(11) NOT NULL,
    -- `categoryID` int(11) NOT NULL

INSERT INTO food_item VALUES(101, 'Cà phê đen', 25000, 1);
INSERT INTO food_item VALUES(102, 'Cà phê sữa', 25000, 1);
INSERT INTO food_item VALUES(103, 'Bạc xỉu', 30000, 1);
INSERT INTO food_item VALUES(104, 'Trà sữa trân châu đen', 60000, 2);
INSERT INTO food_item VALUES(105, 'Trà sữa trân châu hoàng kim', 66000, 2);
INSERT INTO food_item VALUES(106, 'Trà sữa pudding đậu đỏ', 64000, 2);
INSERT INTO food_item VALUES(107, 'Trà sữa sương sáo', 60000, 2);
INSERT INTO food_item VALUES(108, 'Trà sữa trà xanh', 57000, 2);
INSERT INTO food_item VALUES(109, 'Trà sữa chocolate', 64000, 2);
INSERT INTO food_item VALUES(110, 'Trà sữa đào', 66000, 2);
INSERT INTO food_item VALUES(111, 'Trà sữa dâu', 68000, 2);
INSERT INTO food_item VALUES(112, 'Trà sữa khoai môn', 64000, 2);
INSERT INTO food_item VALUES(113, 'Trà sữa oolong 3J', 70000, 2);
INSERT INTO food_item VALUES(114, 'Trà sữa xoài trân châu đen', 70000, 2);
INSERT INTO food_item VALUES(115, 'Trà sữa choco mint', 67000, 2);
INSERT INTO food_item VALUES(116, 'Trà sữa Okinawa', 70000, 2);
INSERT INTO food_item VALUES(117, 'Trà bí đao', 53000, 3);
INSERT INTO food_item VALUES(118, 'Trà oolong kem sữa', 64000, 3);
INSERT INTO food_item VALUES(119, 'Trà alisan kem sữa', 64000, 3);
INSERT INTO food_item VALUES(120, 'Trà oolong vải', 60000, 3);
INSERT INTO food_item VALUES(121, 'Trà đen đào', 62000, 3);
INSERT INTO food_item VALUES(122, 'Trà chanh aiyu trân châu trắng', 60000, 3);
INSERT INTO food_item VALUES(123, 'Sữa tươi Okinawa', 64000, 4);
INSERT INTO food_item VALUES(124, 'Dâu latte', 70000, 4);
INSERT INTO food_item VALUES(125, 'Okinawa latte', 70000, 4);
INSERT INTO food_item VALUES(126, 'Mint cookie smoothie', 67000,5);
INSERT INTO food_item VALUES(127, 'Strawberry choco cookie smoothie', 70000, 5);
INSERT INTO food_item VALUES(128, 'Strawberry oreo smoothie', 68000, 5);
INSERT INTO food_item VALUES(129, 'Matcha đá xay', 68000, 5);
INSERT INTO food_item VALUES(130, 'Khoai môn đá xay', 68000, 5);
INSERT INTO food_item VALUES(131, 'Trân châu đen', 10000, 6);
INSERT INTO food_item VALUES(132, 'Trân châu trắng', 10000, 6);
INSERT INTO food_item VALUES(133, 'Đậu đỏ', 11000, 6);
INSERT INTO food_item VALUES(134, 'Sương sáo', 10000, 6);
INSERT INTO food_item VALUES(135, 'Pudding', 10000, 6);
INSERT INTO food_item VALUES(136, 'Kem sữa', 17000, 6);
INSERT INTO food_item VALUES(137, 'Mì trộn', 30000, 7);
INSERT INTO food_item VALUES(138, 'Khoai tây chiên', 20000, 7);


-- SYSTEM_ACCESS
    -- `sysUsername` varchar(20) NOT NULL,
    -- `sysPassword` varchar(10) NOT NULL,
    -- `type` enum('manager','employee') NOT NULL

INSERT INTO system_access VALUES('tranngananh', 'ngananh1001', 'employee');
INSERT INTO system_access VALUES('nguyendangquang', 'dangquang1002', 'employee');
INSERT INTO system_access VALUES('trinhngocminh', 'ngocminh1003', 'employee');
INSERT INTO system_access VALUES('hotruongthanh', 'truongthanh1004', 'employee');
INSERT INTO system_access VALUES('damhieuhanh', 'hieuhanh1005', 'employee');
INSERT INTO system_access VALUES('duongthaomy', 'thaomy1006', 'employee');
INSERT INTO system_access VALUES('bachanha', 'anha1007', 'manager');
INSERT INTO system_access VALUES('ngophuonguyen', 'phuonguyen1008', 'employee');
INSERT INTO system_access VALUES('lethutien', 'thutien1009', 'employee');
INSERT INTO system_access VALUES('giangngocthao', 'ngocthao1010', 'employee');
INSERT INTO system_access VALUES('nguyenminhminh', 'minhminh1011', 'employee');
INSERT INTO system_access VALUES('tamyloan', 'myloan1012', 'employee');
INSERT INTO system_access VALUES('kieutunglam', 'tunglam1013', 'employee');

-- DISCOUNT
    -- `discountID` varchar(20) NOT NULL,
    -- `discountName` varchar(50) NOT NULL

INSERT INTO discount VALUES('D01', 'Sinh nhật tháng 1');
INSERT INTO discount VALUES('D02', 'Sinh nhật tháng 2');
INSERT INTO discount VALUES('D03', 'Sinh nhật tháng 3');
INSERT INTO discount VALUES('D04', 'Sinh nhật tháng 4');
INSERT INTO discount VALUES('D05', 'Sinh nhật tháng 5');
INSERT INTO discount VALUES('D06', 'Sinh nhật tháng 6');
INSERT INTO discount VALUES('D07', 'Sinh nhật tháng 7');
INSERT INTO discount VALUES('D08', 'Sinh nhật tháng 8');
INSERT INTO discount VALUES('D09', 'Sinh nhật tháng 9');
INSERT INTO discount VALUES('D10', 'Sinh nhật tháng 10');
INSERT INTO discount VALUES('D11', 'Sinh nhật tháng 11');
INSERT INTO discount VALUES('D12', 'Sinh nhật tháng 12');
INSERT INTO discount VALUES('D13', 'Thành viên Silver');
INSERT INTO discount VALUES('D14', 'Thành viên Gold');


-- APPLY_DISCOUNT
    -- `discountID` varchar(20) NOT NULL,
    -- `customerID` int(11) NOT NULL

INSERT INTO apply_discount VALUES('D01', 110);
INSERT INTO apply_discount VALUES('D01', 115);
INSERT INTO apply_discount VALUES('D01', 119);
INSERT INTO apply_discount VALUES('D01', 120);
INSERT INTO apply_discount VALUES('D02', 122);
INSERT INTO apply_discount VALUES('D02', 130);
INSERT INTO apply_discount VALUES('D02', 135);
INSERT INTO apply_discount VALUES('D03', 106);
INSERT INTO apply_discount VALUES('D03', 123);
INSERT INTO apply_discount VALUES('D04', 117);
INSERT INTO apply_discount VALUES('D04', 132);
INSERT INTO apply_discount VALUES('D05', 116);
INSERT INTO apply_discount VALUES('D05', 127);
INSERT INTO apply_discount VALUES('D05', 131);
INSERT INTO apply_discount VALUES('D05', 134);
INSERT INTO apply_discount VALUES('D06', 102);
INSERT INTO apply_discount VALUES('D06', 112);
INSERT INTO apply_discount VALUES('D06', 129);
INSERT INTO apply_discount VALUES('D07', 101);
INSERT INTO apply_discount VALUES('D07', 128);
INSERT INTO apply_discount VALUES('D08', 111);
INSERT INTO apply_discount VALUES('D08', 125);
INSERT INTO apply_discount VALUES('D09', 103);
INSERT INTO apply_discount VALUES('D09', 113);
INSERT INTO apply_discount VALUES('D09', 121);
INSERT INTO apply_discount VALUES('D10', 104);
INSERT INTO apply_discount VALUES('D10', 118);
INSERT INTO apply_discount VALUES('D10', 126);
INSERT INTO apply_discount VALUES('D11', 107);
INSERT INTO apply_discount VALUES('D11', 133);
INSERT INTO apply_discount VALUES('D12', 105);
INSERT INTO apply_discount VALUES('D12', 108);
INSERT INTO apply_discount VALUES('D12', 109);
INSERT INTO apply_discount VALUES('D12', 114);
INSERT INTO apply_discount VALUES('D12', 124);
INSERT INTO apply_discount VALUES('D13', 101);
INSERT INTO apply_discount VALUES('D13', 106);
INSERT INTO apply_discount VALUES('D13', 108);
INSERT INTO apply_discount VALUES('D13', 109);
INSERT INTO apply_discount VALUES('D13', 113);
INSERT INTO apply_discount VALUES('D13', 114);
INSERT INTO apply_discount VALUES('D13', 115);
INSERT INTO apply_discount VALUES('D13', 116);
INSERT INTO apply_discount VALUES('D13', 118);
INSERT INTO apply_discount VALUES('D13', 121);
INSERT INTO apply_discount VALUES('D13', 122);
INSERT INTO apply_discount VALUES('D13', 123);
INSERT INTO apply_discount VALUES('D13', 127);
INSERT INTO apply_discount VALUES('D13', 129);
INSERT INTO apply_discount VALUES('D13', 133);
INSERT INTO apply_discount VALUES('D14', 104);
INSERT INTO apply_discount VALUES('D14', 105);
INSERT INTO apply_discount VALUES('D14', 111);
INSERT INTO apply_discount VALUES('D14', 117);
INSERT INTO apply_discount VALUES('D14', 130);

-- BILL
    -- `billID` int(11) NOT NULL,
    -- `billDate` date NOT NULL,
    -- `customerName` varchar(50) NOT NULL,
    -- `billPrice` int(11) NOT NULL

INSERT INTO bill VALUES(10001, '2023-02-15', 'Vũ Anh Khoa', 128000);
INSERT INTO bill VALUES(10002, '2023-02-15', 'Lương Hữu Nam', 282000);
INSERT INTO bill VALUES(10003, '2023-02-16', 'Mai Kim Liên', 70000);
INSERT INTO bill VALUES(10004, '2023-02-16', 'Cao Thành Nhân', 60000);
INSERT INTO bill VALUES(10005, '2023-02-16', 'Đinh Hồng Ngọc', 118000);
INSERT INTO bill VALUES(10006, '2023-02-17', 'Lê Ngọc Hà', 63000);
INSERT INTO bill VALUES(10007, '2023-02-17', 'Ngô Khắc Duy', 70000);
INSERT INTO bill VALUES(10008, '2023-02-18', 'Đặng Minh Anh', 320000);
INSERT INTO bill VALUES(10009, '2023-02-18', 'Lục Thái Đức', 130000);
INSERT INTO bill VALUES(10010, '2023-02-18', 'Trần Ngọc Hân', 64000);
INSERT INTO bill VALUES(10011, '2023-02-18', 'Phạm Thị Quỳnh Anh', 186000);
INSERT INTO bill VALUES(10012, '2023-02-19', 'Phạm Ngọc Trường', 68000);
INSERT INTO bill VALUES(10013, '2023-02-20', 'Châu Ngọc Linh', 80000);
INSERT INTO bill VALUES(10014, '2023-02-21', 'Nguyễn Hữu Hoàng', 460000);
INSERT INTO bill VALUES(10015, '2023-02-21', 'Huỳnh Chí Công', 100000);
INSERT INTO bill VALUES(10016, '2023-02-21', 'Hồ Hồng Liên', 127000);


-- BILL_DETAILS
    -- `billID` int(11) NOT NULL,
    -- `itemID` int(11) NOT NULL,
    -- `itemPrice` int(11) NOT NULL,
    -- `detailQuantity` int(11) NOT NULL

INSERT INTO bill_details VALUES(10001, 107, 60000, 1);
INSERT INTO bill_details VALUES(10001, 128, 68000, 1);
INSERT INTO bill_details VALUES(10002, 137, 30000, 3);
INSERT INTO bill_details VALUES(10002, 109, 64000, 1);
INSERT INTO bill_details VALUES(10002, 123, 64000, 2);
INSERT INTO bill_details VALUES(10003, 116, 70000, 1);
INSERT INTO bill_details VALUES(10004, 122, 60000, 1);
INSERT INTO bill_details VALUES(10005, 101, 25000, 2);
INSERT INTO bill_details VALUES(10005, 111, 68000, 1);
INSERT INTO bill_details VALUES(10006, 117, 53000, 1);
INSERT INTO bill_details VALUES(10006, 131, 10000, 1);
INSERT INTO bill_details VALUES(10007, 124, 70000, 1);
INSERT INTO bill_details VALUES(10008, 104, 60000, 5);
INSERT INTO bill_details VALUES(10008, 138, 20000, 1);
INSERT INTO bill_details VALUES(10009, 120, 60000, 2);
INSERT INTO bill_details VALUES(10009, 135, 10000, 1);
INSERT INTO bill_details VALUES(10010, 118, 64000, 1);
INSERT INTO bill_details VALUES(10011, 121, 62000, 1);
INSERT INTO bill_details VALUES(10011, 104, 60000, 1);
INSERT INTO bill_details VALUES(10011, 118, 64000, 1);
INSERT INTO bill_details VALUES(10012, 129, 68000, 1);
INSERT INTO bill_details VALUES(10013, 116, 70000, 1);
INSERT INTO bill_details VALUES(10013, 132, 10000, 1);
INSERT INTO bill_details VALUES(10014, 109, 64000, 5);
INSERT INTO bill_details VALUES(10014, 124, 70000, 2);
INSERT INTO bill_details VALUES(10015, 102, 25000, 4);
INSERT INTO bill_details VALUES(10016, 115, 67000, 1);
INSERT INTO bill_details VALUES(10016, 137, 30000, 2);